<step title="Incoming Request" date="2026-02-23T09:38:21.540" instance="84987d" url="/api/publish?async=true&amp;deployer=GITHUB_ONE_DEPLOY&amp;type=jar&amp;message=%7B%22type%22%3A%22deployment%22%2C%22sha%22%3A%2253564a33c1d669c9a6045a25e8a3fa13d392b17f%22%2C%22repoName%22%3A%22xshopai%2Fcart-service%22%2C%22actor%22%3A%22prasadhonrao%22%2C%22slotName%22%3A%22production%22%2C%22commitMessage%22%3A%22Update%20default%20config%20to%20HTTP%20mode%22%7D" method="POST" type="request" pid="768,1,39" Host="app-cart-service-xshopai-development.scm.azurewebsites.net" User-Agent="GITHUBACTIONS_DeployWebAppToAzure_51e58695901c2349472593d47aa07e760428b1f45c8b4bb515e294c7b564ea09" Authorization="Bea..." Content-Type="application/octet-stream" Cookie="ARRAffinity=84987d31f74c131230167cfa6dc666c0e319b4d4a125faa6a379281f05ae2d9e;Path=/;HttpOnly;Secure;Domain=app-cart-service-xshopai-development.scm.azurewebsites.net; ARRAffinitySameSite=84987d31f74c131230167cfa6dc666c0e319b4d4a125faa6a379281f05ae2d9e;Path=/;HttpOnly;SameSite=None;Secure;Domain=app-cart-service-xshopai-development.scm.azurewebsites.net" Transfer-Encoding="chunked" X-ARR-LOG-ID="ecf8cb1b-ea3e-4f38-afbe-7eb19e6aeb76" CLIENT-IP="64.236.187.247:57400" X-SITE-DEPLOYMENT-ID="app-cart-service-xshopai-development" WAS-DEFAULT-HOSTNAME="app-cart-service-xshopai-development.scm.azurewebsites.net" X-Forwarded-Proto="https" X-AppService-Proto="https" X-Forwarded-TlsVersion="1.3" X-WAWS-Unencoded-URL="/api/publish?async=true&amp;deployer=GITHUB_ONE_DEPLOY&amp;type=jar&amp;message=%7B%22type%22%3A%22deployment%22%2C%22sha%22%3A%2253564a33c1d669c9a6045a25e8a3fa13d392b17f%22%2C%22repoName%22%3A%22xshopai%2Fcart-service%22%2C%22actor%22%3A%22prasadhonrao%22%2C%22slotName%22%3A%22production%22%2C%22commitMessage%22%3A%22Update%20default%20config%20to%20HTTP%20mode%22%7D" X-Client-IP="64.236.187.247" X-Client-Port="57400" >
  <step title="OneDeploy" date="2026-02-23T09:38:21.557" >
    <step title="Starting PushDeployAsync" date="2026-02-23T09:38:21.561" /><!-- duration: 3ms -->
    <step title="Writing artifact to /tmp/zipdeploy/app.jar" date="2026-02-23T09:38:21.570" >
      <step title="Writing multipart request body to /tmp/zipdeploy/app.jar" date="2026-02-23T09:38:21.572" /><!-- duration: 2ms -->
    </step><!-- duration: 69ms -->
    <step title="Start deployment in the background" date="2026-02-23T09:38:21.647" >
      <step title="Acquiring Deployment Lock" date="2026-02-23T09:38:21.653" /><!-- duration: 3ms -->
      <step title="Acquired Deployment Lock" date="2026-02-23T09:38:21.712" /><!-- duration: 2ms -->
    </step><!-- duration: 115ms -->
  </step><!-- duration: 207ms -->
  <step title="Outgoing response" date="2026-02-23T09:38:21.767" type="response" statusCode="202" statusText="Accepted" /><!-- duration: 2ms -->
</step><!-- duration: 232ms -->
