<step title="Incoming Request" date="2026-02-23T21:55:02.450" instance="84987d" url="/api/publish?async=true&amp;deployer=GITHUB_ONE_DEPLOY&amp;type=zip&amp;message=%7B%22type%22%3A%22deployment%22%2C%22sha%22%3A%223d1a2375371ca2aad81c90d1f07647576c0ccae9%22%2C%22repoName%22%3A%22xshopai%2Fcart-service%22%2C%22actor%22%3A%22prasadhonrao%22%2C%22slotName%22%3A%22production%22%2C%22commitMessage%22%3A%22fix%3A%20correct%20YAML%20syntax%20for%20startup%20script%20generation%22%7D" method="POST" type="request" pid="768,1,30" Host="app-cart-service-xshopai-development.scm.azurewebsites.net" User-Agent="GITHUBACTIONS_DeployWebAppToAzure_51e58695901c2349472593d47aa07e760428b1f45c8b4bb515e294c7b564ea09" Authorization="Bea..." Content-Type="application/octet-stream" Cookie="ARRAffinity=84987d31f74c131230167cfa6dc666c0e319b4d4a125faa6a379281f05ae2d9e;Path=/;HttpOnly;Secure;Domain=app-cart-service-xshopai-development.scm.azurewebsites.net; ARRAffinitySameSite=84987d31f74c131230167cfa6dc666c0e319b4d4a125faa6a379281f05ae2d9e;Path=/;HttpOnly;SameSite=None;Secure;Domain=app-cart-service-xshopai-development.scm.azurewebsites.net" Transfer-Encoding="chunked" X-ARR-LOG-ID="09d87062-3619-468a-be99-5ed028fb90ce" CLIENT-IP="64.236.215.56:20480" X-SITE-DEPLOYMENT-ID="app-cart-service-xshopai-development" WAS-DEFAULT-HOSTNAME="app-cart-service-xshopai-development.scm.azurewebsites.net" X-Forwarded-Proto="https" X-AppService-Proto="https" X-Forwarded-TlsVersion="1.3" X-WAWS-Unencoded-URL="/api/publish?async=true&amp;deployer=GITHUB_ONE_DEPLOY&amp;type=zip&amp;message=%7B%22type%22%3A%22deployment%22%2C%22sha%22%3A%223d1a2375371ca2aad81c90d1f07647576c0ccae9%22%2C%22repoName%22%3A%22xshopai%2Fcart-service%22%2C%22actor%22%3A%22prasadhonrao%22%2C%22slotName%22%3A%22production%22%2C%22commitMessage%22%3A%22fix%3A%20correct%20YAML%20syntax%20for%20startup%20script%20generation%22%7D" X-Client-IP="64.236.215.56" X-Client-Port="20480" >
  <step title="OneDeploy" date="2026-02-23T21:55:02.482" >
    <step title="None repository commit" date="2026-02-23T21:55:02.488" >
      <step title="Commit id: cb250ab2-e6e3-4c55-a480-f9b8ab2fae7d" date="2026-02-23T21:55:02.491" Message="N/A" AuthorName="N/A" AuthorEmail="N/A" /><!-- duration: 2ms -->
    </step><!-- duration: 7ms -->
    <step title="Starting PushDeployAsync" date="2026-02-23T21:55:02.497" /><!-- duration: 2ms -->
    <step title="Writing artifact to /tmp/zipdeploy/13378a78-3b72-46ad-a0eb-82e479dc9007.zip" date="2026-02-23T21:55:02.508" >
      <step title="Writing multipart request body to /tmp/zipdeploy/13378a78-3b72-46ad-a0eb-82e479dc9007.zip" date="2026-02-23T21:55:02.511" /><!-- duration: 15ms -->
    </step><!-- duration: 1892ms -->
    <step title="Start deployment in the background" date="2026-02-23T21:55:04.412" >
      <step title="Acquiring Deployment Lock" date="2026-02-23T21:55:04.419" /><!-- duration: 2ms -->
      <step title="Acquired Deployment Lock" date="2026-02-23T21:55:04.459" /><!-- duration: 2ms -->
    </step><!-- duration: 121ms -->
  </step><!-- duration: 2055ms -->
  <step title="Outgoing response" date="2026-02-23T21:55:04.543" type="response" statusCode="202" statusText="Accepted" /><!-- duration: 2ms -->
</step><!-- duration: 2096ms -->
