<step title="Incoming Request" date="2026-02-23T17:50:37.090" instance="84987d" url="/api/publish?async=true&amp;deployer=GITHUB_ONE_DEPLOY&amp;type=zip&amp;message=%7B%22type%22%3A%22deployment%22%2C%22sha%22%3A%220b362d6242aa4cfc7c3c2c76ccc5168e914d7f01%22%2C%22repoName%22%3A%22xshopai%2Fcart-service%22%2C%22actor%22%3A%22prasadhonrao%22%2C%22slotName%22%3A%22production%22%2C%22commitMessage%22%3A%22fix%3A%20correct%20artifact%20path%20in%20deploy%20step%5Cn%5CnDownloaded%20artifacts%20are%20flattened%2C%20not%20in%20target%2Fquarkus-app%2F%22%7D" method="POST" type="request" pid="768,1,17" Host="app-cart-service-xshopai-development.scm.azurewebsites.net" User-Agent="GITHUBACTIONS_DeployWebAppToAzure_51e58695901c2349472593d47aa07e760428b1f45c8b4bb515e294c7b564ea09" Authorization="Bea..." Content-Type="application/octet-stream" Cookie="ARRAffinity=84987d31f74c131230167cfa6dc666c0e319b4d4a125faa6a379281f05ae2d9e;Path=/;HttpOnly;Secure;Domain=app-cart-service-xshopai-development.scm.azurewebsites.net; ARRAffinitySameSite=84987d31f74c131230167cfa6dc666c0e319b4d4a125faa6a379281f05ae2d9e;Path=/;HttpOnly;SameSite=None;Secure;Domain=app-cart-service-xshopai-development.scm.azurewebsites.net" Transfer-Encoding="chunked" X-ARR-LOG-ID="b1e6aef6-afd0-490e-a4aa-310a68975776" CLIENT-IP="135.232.208.116:44096" X-SITE-DEPLOYMENT-ID="app-cart-service-xshopai-development" WAS-DEFAULT-HOSTNAME="app-cart-service-xshopai-development.scm.azurewebsites.net" X-Forwarded-Proto="https" X-AppService-Proto="https" X-Forwarded-TlsVersion="1.3" X-WAWS-Unencoded-URL="/api/publish?async=true&amp;deployer=GITHUB_ONE_DEPLOY&amp;type=zip&amp;message=%7B%22type%22%3A%22deployment%22%2C%22sha%22%3A%220b362d6242aa4cfc7c3c2c76ccc5168e914d7f01%22%2C%22repoName%22%3A%22xshopai%2Fcart-service%22%2C%22actor%22%3A%22prasadhonrao%22%2C%22slotName%22%3A%22production%22%2C%22commitMessage%22%3A%22fix%3A%20correct%20artifact%20path%20in%20deploy%20step%5Cn%5CnDownloaded%20artifacts%20are%20flattened%2C%20not%20in%20target%2Fquarkus-app%2F%22%7D" X-Client-IP="135.232.208.116" X-Client-Port="44096" >
  <step title="OneDeploy" date="2026-02-23T17:50:37.141" >
    <step title="None repository commit" date="2026-02-23T17:50:37.159" >
      <step title="Commit id: 5176fede-39b2-435b-9ebd-3ca35fb99dd0" date="2026-02-23T17:50:37.162" Message="N/A" AuthorName="N/A" AuthorEmail="N/A" /><!-- duration: 10ms -->
    </step><!-- duration: 15ms -->
    <step title="Starting PushDeployAsync" date="2026-02-23T17:50:37.176" /><!-- duration: 5ms -->
    <step title="Writing artifact to /tmp/zipdeploy/9da12646-c1fd-40e8-9af6-d1abfbb567f4.zip" date="2026-02-23T17:50:37.301" >
      <step title="Writing multipart request body to /tmp/zipdeploy/9da12646-c1fd-40e8-9af6-d1abfbb567f4.zip" date="2026-02-23T17:50:37.304" /><!-- duration: 2ms -->
    </step><!-- duration: 1960ms -->
    <step title="Start deployment in the background" date="2026-02-23T17:50:39.284" >
      <step title="Acquiring Deployment Lock" date="2026-02-23T17:50:39.308" /><!-- duration: 3ms -->
      <step title="Acquired Deployment Lock" date="2026-02-23T17:50:39.377" /><!-- duration: 9ms -->
    </step><!-- duration: 269ms -->
  </step><!-- duration: 2418ms -->
  <step title="Outgoing response" date="2026-02-23T17:50:39.567" type="response" statusCode="202" statusText="Accepted" /><!-- duration: 3ms -->
</step><!-- duration: 2481ms -->
