<step title="Incoming Request" date="2026-02-23T18:36:42.543" instance="84987d" url="/api/publish?async=true&amp;deployer=GITHUB_ONE_DEPLOY&amp;type=zip&amp;message=%7B%22type%22%3A%22deployment%22%2C%22sha%22%3A%22ad72f0758bfe12ea8cfaeded2d1b84fbe523697a%22%2C%22repoName%22%3A%22xshopai%2Fcart-service%22%2C%22actor%22%3A%22prasadhonrao%22%2C%22slotName%22%3A%22production%22%2C%22commitMessage%22%3A%22fix%3A%20use%20REDIS_SCHEME%20env%20var%20to%20support%20Azure%20Redis%20SSL%22%7D" method="POST" type="request" pid="768,1,3" Host="app-cart-service-xshopai-development.scm.azurewebsites.net" User-Agent="GITHUBACTIONS_DeployWebAppToAzure_51e58695901c2349472593d47aa07e760428b1f45c8b4bb515e294c7b564ea09" Authorization="Bea..." Content-Type="application/octet-stream" Cookie="ARRAffinity=84987d31f74c131230167cfa6dc666c0e319b4d4a125faa6a379281f05ae2d9e;Path=/;HttpOnly;Secure;Domain=app-cart-service-xshopai-development.scm.azurewebsites.net; ARRAffinitySameSite=84987d31f74c131230167cfa6dc666c0e319b4d4a125faa6a379281f05ae2d9e;Path=/;HttpOnly;SameSite=None;Secure;Domain=app-cart-service-xshopai-development.scm.azurewebsites.net" Transfer-Encoding="chunked" X-ARR-LOG-ID="6b499921-85c9-4a85-b05e-9a86f77de09e" CLIENT-IP="52.176.19.200:48192" X-SITE-DEPLOYMENT-ID="app-cart-service-xshopai-development" WAS-DEFAULT-HOSTNAME="app-cart-service-xshopai-development.scm.azurewebsites.net" X-Forwarded-Proto="https" X-AppService-Proto="https" X-Forwarded-TlsVersion="1.3" X-WAWS-Unencoded-URL="/api/publish?async=true&amp;deployer=GITHUB_ONE_DEPLOY&amp;type=zip&amp;message=%7B%22type%22%3A%22deployment%22%2C%22sha%22%3A%22ad72f0758bfe12ea8cfaeded2d1b84fbe523697a%22%2C%22repoName%22%3A%22xshopai%2Fcart-service%22%2C%22actor%22%3A%22prasadhonrao%22%2C%22slotName%22%3A%22production%22%2C%22commitMessage%22%3A%22fix%3A%20use%20REDIS_SCHEME%20env%20var%20to%20support%20Azure%20Redis%20SSL%22%7D" X-Client-IP="52.176.19.200" X-Client-Port="48192" >
  <step title="OneDeploy" date="2026-02-23T18:36:42.572" >
    <step title="None repository commit" date="2026-02-23T18:36:42.578" >
      <step title="Commit id: c7c5267c-a4f9-4bf3-97ee-c58426a2c615" date="2026-02-23T18:36:42.581" Message="N/A" AuthorName="N/A" AuthorEmail="N/A" /><!-- duration: 2ms -->
    </step><!-- duration: 7ms -->
    <step title="Starting PushDeployAsync" date="2026-02-23T18:36:42.587" /><!-- duration: 2ms -->
    <step title="Writing artifact to /tmp/zipdeploy/c7808922-a09f-4913-93e6-147912af13d7.zip" date="2026-02-23T18:36:42.609" >
      <step title="Writing multipart request body to /tmp/zipdeploy/c7808922-a09f-4913-93e6-147912af13d7.zip" date="2026-02-23T18:36:42.612" /><!-- duration: 6ms -->
    </step><!-- duration: 2143ms -->
    <step title="Start deployment in the background" date="2026-02-23T18:36:44.765" >
      <step title="Acquiring Deployment Lock" date="2026-02-23T18:36:44.774" /><!-- duration: 2ms -->
      <step title="Acquired Deployment Lock" date="2026-02-23T18:36:44.807" /><!-- duration: 3ms -->
    </step><!-- duration: 196ms -->
  </step><!-- duration: 2398ms -->
  <step title="Outgoing response" date="2026-02-23T18:36:44.976" type="response" statusCode="202" statusText="Accepted" /><!-- duration: 6ms -->
</step><!-- duration: 2442ms -->
