<step title="Incoming Request" date="2026-02-23T09:23:56.404" instance="84987d" url="/api/publish?async=true&amp;deployer=GITHUB_ONE_DEPLOY&amp;type=jar&amp;message=%7B%22type%22%3A%22deployment%22%2C%22sha%22%3A%22b8c1a380a8e3cb6bc05d6107e471fb4312add432%22%2C%22repoName%22%3A%22xshopai%2Fcart-service%22%2C%22actor%22%3A%22prasadhonrao%22%2C%22slotName%22%3A%22production%22%2C%22commitMessage%22%3A%22feat%3A%20Add%20dual-mode%20service%20invocation%20support%20to%20cart-service%5Cn%5Cn-%20Added%20service.invocation.mode%20to%20properties%20files%5Cn-%20Renamed%20application.properties.dev%20to%20application.properties.http%5Cn-%20Cart-service%20calls%202%20services%20(product%2C%20inventory)%5Cn-%20Added%20for%20consistency%20with%20other%20services%5Cn-%20Java%2FQuarkus%20configuration%20updated%22%7D" method="POST" type="request" pid="768,1,5" Host="app-cart-service-xshopai-development.scm.azurewebsites.net" User-Agent="GITHUBACTIONS_DeployWebAppToAzure_51e58695901c2349472593d47aa07e760428b1f45c8b4bb515e294c7b564ea09" Authorization="Bea..." Content-Type="application/octet-stream" Cookie="ARRAffinity=84987d31f74c131230167cfa6dc666c0e319b4d4a125faa6a379281f05ae2d9e;Path=/;HttpOnly;Secure;Domain=app-cart-service-xshopai-development.scm.azurewebsites.net; ARRAffinitySameSite=84987d31f74c131230167cfa6dc666c0e319b4d4a125faa6a379281f05ae2d9e;Path=/;HttpOnly;SameSite=None;Secure;Domain=app-cart-service-xshopai-development.scm.azurewebsites.net" Transfer-Encoding="chunked" X-ARR-LOG-ID="b4aab67f-cddb-4681-a967-0cfb9c5f9032" CLIENT-IP="74.235.151.4:10296" X-SITE-DEPLOYMENT-ID="app-cart-service-xshopai-development" WAS-DEFAULT-HOSTNAME="app-cart-service-xshopai-development.scm.azurewebsites.net" X-Forwarded-Proto="https" X-AppService-Proto="https" X-Forwarded-TlsVersion="1.3" X-WAWS-Unencoded-URL="/api/publish?async=true&amp;deployer=GITHUB_ONE_DEPLOY&amp;type=jar&amp;message=%7B%22type%22%3A%22deployment%22%2C%22sha%22%3A%22b8c1a380a8e3cb6bc05d6107e471fb4312add432%22%2C%22repoName%22%3A%22xshopai%2Fcart-service%22%2C%22actor%22%3A%22prasadhonrao%22%2C%22slotName%22%3A%22production%22%2C%22commitMessage%22%3A%22feat%3A%20Add%20dual-mode%20service%20invocation%20support%20to%20cart-service%5Cn%5Cn-%20Added%20service.invocation.mode%20to%20properties%20files%5Cn-%20Renamed%20application.properties.dev%20to%20application.properties.http%5Cn-%20Cart-service%20calls%202%20services%20(product%2C%20inventory)%5Cn-%20Added%20for%20consistency%20with%20other%20services%5Cn-%20Java%2FQuarkus%20configuration%20updated%22%7D" X-Client-IP="74.235.151.4" X-Client-Port="10296" >
  <step title="OneDeploy" date="2026-02-23T09:23:56.438" >
    <step title="None repository commit" date="2026-02-23T09:23:56.445" >
      <step title="Commit id: 5a658aa3-9667-44e6-a248-e4fe814202bb" date="2026-02-23T09:23:56.448" Message="N/A" AuthorName="N/A" AuthorEmail="N/A" /><!-- duration: 5ms -->
    </step><!-- duration: 11ms -->
    <step title="Starting PushDeployAsync" date="2026-02-23T09:23:56.459" /><!-- duration: 3ms -->
    <step title="Writing artifact to /tmp/zipdeploy/app.jar" date="2026-02-23T09:23:56.471" >
      <step title="Writing multipart request body to /tmp/zipdeploy/app.jar" date="2026-02-23T09:23:56.474" /><!-- duration: 2ms -->
    </step><!-- duration: 23ms -->
    <step title="Start deployment in the background" date="2026-02-23T09:23:56.503" >
      <step title="Acquiring Deployment Lock" date="2026-02-23T09:23:56.512" /><!-- duration: 3ms -->
      <step title="Acquired Deployment Lock" date="2026-02-23T09:23:56.548" /><!-- duration: 3ms -->
    </step><!-- duration: 105ms -->
  </step><!-- duration: 175ms -->
  <step title="Outgoing response" date="2026-02-23T09:23:56.619" type="response" statusCode="202" statusText="Accepted" /><!-- duration: 3ms -->
</step><!-- duration: 220ms -->
