<step title="Incoming Request" date="2026-02-23T18:06:24.589" instance="84987d" url="/api/publish?async=true&amp;deployer=GITHUB_ONE_DEPLOY&amp;type=zip&amp;message=%7B%22type%22%3A%22deployment%22%2C%22sha%22%3A%22d2d85f5d94e5fefae65d941fa91e3a6d6d99fc2c%22%2C%22repoName%22%3A%22xshopai%2Fcart-service%22%2C%22actor%22%3A%22prasadhonrao%22%2C%22slotName%22%3A%22production%22%2C%22commitMessage%22%3A%22fix%3A%20use%20QUARKUS_HTTP_PORT%20env%20var%20for%20Azure%20port%20binding%22%7D" method="POST" type="request" pid="768,1,32" Host="app-cart-service-xshopai-development.scm.azurewebsites.net" User-Agent="GITHUBACTIONS_DeployWebAppToAzure_51e58695901c2349472593d47aa07e760428b1f45c8b4bb515e294c7b564ea09" Authorization="Bea..." Content-Type="application/octet-stream" Cookie="ARRAffinity=84987d31f74c131230167cfa6dc666c0e319b4d4a125faa6a379281f05ae2d9e;Path=/;HttpOnly;Secure;Domain=app-cart-service-xshopai-development.scm.azurewebsites.net; ARRAffinitySameSite=84987d31f74c131230167cfa6dc666c0e319b4d4a125faa6a379281f05ae2d9e;Path=/;HttpOnly;SameSite=None;Secure;Domain=app-cart-service-xshopai-development.scm.azurewebsites.net" Transfer-Encoding="chunked" X-ARR-LOG-ID="c459fbe2-acb5-4d1f-ba72-b096efd35828" CLIENT-IP="64.236.143.34:27200" X-SITE-DEPLOYMENT-ID="app-cart-service-xshopai-development" WAS-DEFAULT-HOSTNAME="app-cart-service-xshopai-development.scm.azurewebsites.net" X-Forwarded-Proto="https" X-AppService-Proto="https" X-Forwarded-TlsVersion="1.3" X-WAWS-Unencoded-URL="/api/publish?async=true&amp;deployer=GITHUB_ONE_DEPLOY&amp;type=zip&amp;message=%7B%22type%22%3A%22deployment%22%2C%22sha%22%3A%22d2d85f5d94e5fefae65d941fa91e3a6d6d99fc2c%22%2C%22repoName%22%3A%22xshopai%2Fcart-service%22%2C%22actor%22%3A%22prasadhonrao%22%2C%22slotName%22%3A%22production%22%2C%22commitMessage%22%3A%22fix%3A%20use%20QUARKUS_HTTP_PORT%20env%20var%20for%20Azure%20port%20binding%22%7D" X-Client-IP="64.236.143.34" X-Client-Port="27200" >
  <step title="OneDeploy" date="2026-02-23T18:06:24.612" >
    <step title="None repository commit" date="2026-02-23T18:06:24.620" >
      <step title="Commit id: 1989358f-6c7c-45e9-92f6-624252d0ca43" date="2026-02-23T18:06:24.623" Message="N/A" AuthorName="N/A" AuthorEmail="N/A" /><!-- duration: 2ms -->
    </step><!-- duration: 8ms -->
    <step title="Starting PushDeployAsync" date="2026-02-23T18:06:24.631" /><!-- duration: 2ms -->
    <step title="Writing artifact to /tmp/zipdeploy/bf5414f3-7b16-43d1-9992-c45abe28bb46.zip" date="2026-02-23T18:06:24.642" >
      <step title="Writing multipart request body to /tmp/zipdeploy/bf5414f3-7b16-43d1-9992-c45abe28bb46.zip" date="2026-02-23T18:06:24.645" /><!-- duration: 2ms -->
    </step><!-- duration: 1979ms -->
    <step title="Start deployment in the background" date="2026-02-23T18:06:26.637" >
      <step title="Acquiring Deployment Lock" date="2026-02-23T18:06:26.651" /><!-- duration: 2ms -->
      <step title="Acquired Deployment Lock" date="2026-02-23T18:06:26.688" /><!-- duration: 2ms -->
    </step><!-- duration: 111ms -->
  </step><!-- duration: 2141ms -->
  <step title="Outgoing response" date="2026-02-23T18:06:26.760" type="response" statusCode="202" statusText="Accepted" /><!-- duration: 3ms -->
</step><!-- duration: 2176ms -->
