<step title="BackgroundTrace" date="2026-02-23T22:10:46.634" instance="84987d" url="/api/publish" method="POST" >
  <step title="Creating temporary deployment - FetchDeploymentManager" date="2026-02-23T22:10:46.699" /><!-- duration: 2ms -->
  <step title="Creating temporary deployment" date="2026-02-23T22:10:46.705" /><!-- duration: 71ms -->
  <step title="Performing fetch based deployment" date="2026-02-23T22:10:46.808" >
    <step title="Cleaning up temp folders from previous zip deployments and extracting pushed zip file /tmp/zipdeploy/e12a9d36-5d4e-461b-8079-6bf6a4cdf1cf.zip (46.44 MB) to /tmp/zipdeploy/extracted" date="2026-02-23T22:10:47.967" >
      <step title="ChmodRecursive Process exited with total time taken in ms: 11" date="2026-02-23T22:10:48.267" /><!-- duration: 3ms -->
    </step><!-- duration: 306ms -->
    <step title="Deployment timer started" date="2026-02-23T22:10:50.280" >
      <step title="DeploymentManager.Deploy(id:ce9aaaff-6134-48d6-8675-d3392f1ffe15)" date="2026-02-23T22:10:50.284" >
        <step title="Collecting changeset information" date="2026-02-23T22:10:50.293" /><!-- duration: 86ms -->
        <step title="Updating submodules" date="2026-02-23T22:10:50.384" /><!-- duration: 1128ms -->
        <step title="Determining deployment builder" date="2026-02-23T22:10:51.736" >
          <step title="Builder is OneDeployBuilder" date="2026-02-23T22:10:51.744" /><!-- duration: 3ms -->
        </step><!-- duration: 14ms -->
        <step title="PreDeployment: context.CleanOutputPath False" date="2026-02-23T22:10:51.797" >
          <step title="PreDeployment: context.OutputPath /home/site/wwwroot" date="2026-02-23T22:10:51.928" >
            <step title="Building" date="2026-02-23T22:10:52.070" >
              <step title="Executing external process" date="2026-02-23T22:10:52.605" type="process" path="starter.sh" arguments="/opt/Kudu/Scripts/parallel_rsync.sh /tmp/zipdeploy/extracted /home/site/wwwroot 8 /tmp/ False False  " /><!-- duration: 3644ms -->
              <step title="Modified file to trigger a restart of the app container." date="2026-02-23T22:10:56.641" /><!-- duration: 3ms -->
              <step title="Skip function trigger and logicapp sync because function is not enabled." date="2026-02-23T22:10:56.647" /><!-- duration: 2ms -->
            </step><!-- duration: 5585ms -->
          </step><!-- duration: 5733ms -->
          <step title="Cleaning up temp files" date="2026-02-23T22:10:57.664" /><!-- duration: 4ms -->
          <step title="Cleaning up temp files" date="2026-02-23T22:10:57.670" /><!-- duration: 503ms -->
          <step title="Reloading status file with latest updates" date="2026-02-23T22:10:58.218" >
            <step title="WebHooksManager.PublishEventAsync: PostDeployment" date="2026-02-23T22:10:58.222" /><!-- duration: 78ms -->
          </step><!-- duration: 93ms -->
          <step title="Cleaning up temporary deployment - fetch deployment was successful" date="2026-02-23T22:10:58.316" /><!-- duration: 2ms -->
        </step><!-- duration: 6596ms -->
      </step><!-- duration: 8120ms -->
