<step title="BackgroundTrace" date="2026-02-23T09:23:56.507" instance="84987d" url="/api/publish" method="POST" >
  <step title="Creating temporary deployment - FetchDeploymentManager" date="2026-02-23T09:23:56.553" /><!-- duration: 2ms -->
  <step title="Creating temporary deployment" date="2026-02-23T09:23:56.558" /><!-- duration: 42ms -->
  <step title="Performing fetch based deployment" date="2026-02-23T09:23:56.635" >
    <step title="Moving /tmp/zipdeploy/extracted to /tmp/zipdeploy/extracted/app.jar" date="2026-02-23T09:23:57.850" /><!-- duration: 9ms -->
    <step title="Deployment timer started" date="2026-02-23T09:23:59.867" >
      <step title="DeploymentManager.Deploy(id:5a658aa3-9667-44e6-a248-e4fe814202bb)" date="2026-02-23T09:23:59.885" >
        <step title="Collecting changeset information" date="2026-02-23T09:23:59.893" /><!-- duration: 108ms -->
        <step title="Updating submodules" date="2026-02-23T09:24:00.012" /><!-- duration: 1222ms -->
        <step title="Determining deployment builder" date="2026-02-23T09:24:01.521" >
          <step title="Builder is OneDeployBuilder" date="2026-02-23T09:24:01.527" /><!-- duration: 3ms -->
        </step><!-- duration: 11ms -->
        <step title="PreDeployment: context.CleanOutputPath False" date="2026-02-23T09:24:01.590" >
          <step title="PreDeployment: context.OutputPath /home/site/wwwroot" date="2026-02-23T09:24:01.728" >
            <step title="Building" date="2026-02-23T09:24:01.876" >
              <step title="Executing external process" date="2026-02-23T09:24:02.387" type="process" path="starter.sh" arguments="/opt/Kudu/Scripts/parallel_rsync.sh /tmp/zipdeploy/extracted /home/site/wwwroot 8 /tmp/ False False  " /><!-- duration: 333ms -->
              <step title="Modified file to trigger a restart of the app container." date="2026-02-23T09:24:03.155" /><!-- duration: 3ms -->
              <step title="Skip function trigger and logicapp sync because function is not enabled." date="2026-02-23T09:24:03.160" /><!-- duration: 2ms -->
            </step><!-- duration: 2086ms -->
          </step><!-- duration: 2237ms -->
          <step title="Cleaning up temp files" date="2026-02-23T09:24:03.967" /><!-- duration: 3ms -->
          <step title="Cleaning up temp files" date="2026-02-23T09:24:03.975" /><!-- duration: 503ms -->
          <step title="Reloading status file with latest updates" date="2026-02-23T09:24:04.526" >
            <step title="WebHooksManager.PublishEventAsync: PostDeployment" date="2026-02-23T09:24:04.529" /><!-- duration: 36ms -->
          </step><!-- duration: 43ms -->
          <step title="Cleaning up temporary deployment - fetch deployment was successful" date="2026-02-23T09:24:04.574" /><!-- duration: 3ms -->
        </step><!-- duration: 3101ms -->
      </step><!-- duration: 4818ms -->
