<step title="Incoming Request" date="2026-02-23T00:41:39.392" instance="84987d" url="/api/publish?async=true&amp;deployer=GITHUB_ONE_DEPLOY&amp;type=jar&amp;message=%7B%22type%22%3A%22deployment%22%2C%22sha%22%3A%22be97ea53ae9d12e9a51c35eec9a84023903d23c7%22%2C%22repoName%22%3A%22xshopai%2Fcart-service%22%2C%22actor%22%3A%22prasadhonrao%22%2C%22slotName%22%3A%22production%22%2C%22commitMessage%22%3A%22refactor%3A%20Remove%20Docker%20build%20job%20from%20cart-service%20CI%20workflow%5Cn%5Cn-%20Aligns%20with%20other%20App%20Service%20deployment%20workflows%20(Node.js%2C%20Python%2C%20.NET)%5Cn%5Cn-%20App%20Service%20deploys%20JAR%20directly%2C%20doesn%27t%20require%20containerization%5Cn%5Cn-%20Removes%20unnecessary%20Docker%20Buildx%20and%20ACR%20push%20configuration%5Cn%5Cn-%20Ensures%20consistency%20across%20service%20deployment%20patterns%22%7D" method="POST" type="request" pid="768,1,45" Host="app-cart-service-xshopai-development.scm.azurewebsites.net" User-Agent="GITHUBACTIONS_DeployWebAppToAzure_51e58695901c2349472593d47aa07e760428b1f45c8b4bb515e294c7b564ea09" Authorization="Bea..." Content-Type="application/octet-stream" Cookie="ARRAffinity=84987d31f74c131230167cfa6dc666c0e319b4d4a125faa6a379281f05ae2d9e;Path=/;HttpOnly;Secure;Domain=app-cart-service-xshopai-development.scm.azurewebsites.net; ARRAffinitySameSite=84987d31f74c131230167cfa6dc666c0e319b4d4a125faa6a379281f05ae2d9e;Path=/;HttpOnly;SameSite=None;Secure;Domain=app-cart-service-xshopai-development.scm.azurewebsites.net" Transfer-Encoding="chunked" X-ARR-LOG-ID="fe395d81-9e73-48b9-a87b-951769ac1b64" CLIENT-IP="172.183.94.241:22536" X-SITE-DEPLOYMENT-ID="app-cart-service-xshopai-development" WAS-DEFAULT-HOSTNAME="app-cart-service-xshopai-development.scm.azurewebsites.net" X-Forwarded-Proto="https" X-AppService-Proto="https" X-Forwarded-TlsVersion="1.3" X-WAWS-Unencoded-URL="/api/publish?async=true&amp;deployer=GITHUB_ONE_DEPLOY&amp;type=jar&amp;message=%7B%22type%22%3A%22deployment%22%2C%22sha%22%3A%22be97ea53ae9d12e9a51c35eec9a84023903d23c7%22%2C%22repoName%22%3A%22xshopai%2Fcart-service%22%2C%22actor%22%3A%22prasadhonrao%22%2C%22slotName%22%3A%22production%22%2C%22commitMessage%22%3A%22refactor%3A%20Remove%20Docker%20build%20job%20from%20cart-service%20CI%20workflow%5Cn%5Cn-%20Aligns%20with%20other%20App%20Service%20deployment%20workflows%20(Node.js%2C%20Python%2C%20.NET)%5Cn%5Cn-%20App%20Service%20deploys%20JAR%20directly%2C%20doesn%27t%20require%20containerization%5Cn%5Cn-%20Removes%20unnecessary%20Docker%20Buildx%20and%20ACR%20push%20configuration%5Cn%5Cn-%20Ensures%20consistency%20across%20service%20deployment%20patterns%22%7D" X-Client-IP="172.183.94.241" X-Client-Port="22536" >
  <step title="OneDeploy" date="2026-02-23T00:41:39.400" >
    <step title="Starting PushDeployAsync" date="2026-02-23T00:41:39.404" /><!-- duration: 3ms -->
    <step title="Writing artifact to /tmp/zipdeploy/app.jar" date="2026-02-23T00:41:39.414" >
      <step title="Writing multipart request body to /tmp/zipdeploy/app.jar" date="2026-02-23T00:41:39.417" /><!-- duration: 2ms -->
    </step><!-- duration: 78ms -->
    <step title="Start deployment in the background" date="2026-02-23T00:41:39.498" >
      <step title="Acquiring Deployment Lock" date="2026-02-23T00:41:39.505" /><!-- duration: 2ms -->
      <step title="Acquired Deployment Lock" date="2026-02-23T00:41:39.551" /><!-- duration: 2ms -->
    </step><!-- duration: 118ms -->
  </step><!-- duration: 219ms -->
  <step title="Outgoing response" date="2026-02-23T00:41:39.622" type="response" statusCode="202" statusText="Accepted" /><!-- duration: 2ms -->
</step><!-- duration: 235ms -->
