<step title="BackgroundTrace" date="2026-02-23T17:50:39.289" instance="84987d" url="/api/publish" method="POST" >
  <step title="Creating temporary deployment - FetchDeploymentManager" date="2026-02-23T17:50:39.389" /><!-- duration: 4ms -->
  <step title="Creating temporary deployment" date="2026-02-23T17:50:39.418" /><!-- duration: 133ms -->
  <step title="Performing fetch based deployment" date="2026-02-23T17:50:39.586" >
    <step title="Cleaning up temp folders from previous zip deployments and extracting pushed zip file /tmp/zipdeploy/9da12646-c1fd-40e8-9af6-d1abfbb567f4.zip (46.44 MB) to /tmp/zipdeploy/extracted" date="2026-02-23T17:50:40.808" >
      <step title="ChmodRecursive Process exited with total time taken in ms: 23" date="2026-02-23T17:50:41.301" /><!-- duration: 5ms -->
    </step><!-- duration: 502ms -->
    <step title="Deployment timer started" date="2026-02-23T17:50:43.317" >
      <step title="DeploymentManager.Deploy(id:5176fede-39b2-435b-9ebd-3ca35fb99dd0)" date="2026-02-23T17:50:43.328" >
        <step title="Collecting changeset information" date="2026-02-23T17:50:43.350" /><!-- duration: 123ms -->
        <step title="Updating submodules" date="2026-02-23T17:50:43.478" /><!-- duration: 1264ms -->
        <step title="Determining deployment builder" date="2026-02-23T17:50:45.304" >
          <step title="Builder is OneDeployBuilder" date="2026-02-23T17:50:45.328" /><!-- duration: 2ms -->
        </step><!-- duration: 37ms -->
        <step title="PreDeployment: context.CleanOutputPath False" date="2026-02-23T17:50:45.404" >
          <step title="PreDeployment: context.OutputPath /home/site/wwwroot" date="2026-02-23T17:50:45.816" >
            <step title="Building" date="2026-02-23T17:50:46.045" >
              <step title="Executing external process" date="2026-02-23T17:50:47.014" type="process" path="starter.sh" arguments="/opt/Kudu/Scripts/parallel_rsync.sh /tmp/zipdeploy/extracted /home/site/wwwroot 8 /tmp/ False False  " /><!-- duration: 6853ms -->
              <step title="Modified file to trigger a restart of the app container." date="2026-02-23T17:50:54.290" /><!-- duration: 3ms -->
              <step title="Skip function trigger and logicapp sync because function is not enabled." date="2026-02-23T17:50:54.297" /><!-- duration: 14ms -->
            </step><!-- duration: 9213ms -->
          </step><!-- duration: 9447ms -->
          <step title="Cleaning up temp files" date="2026-02-23T17:50:55.298" /><!-- duration: 9ms -->
          <step title="Cleaning up temp files" date="2026-02-23T17:50:55.335" /><!-- duration: 507ms -->
          <step title="Reloading status file with latest updates" date="2026-02-23T17:50:55.902" >
            <step title="WebHooksManager.PublishEventAsync: PostDeployment" date="2026-02-23T17:50:55.930" /><!-- duration: 55ms -->
          </step><!-- duration: 93ms -->
          <step title="Cleaning up temporary deployment - fetch deployment was successful" date="2026-02-23T17:50:56.016" /><!-- duration: 4ms -->
        </step><!-- duration: 10715ms -->
      </step><!-- duration: 12806ms -->
