<step title="Incoming Request" date="2026-02-23T00:37:43.866" instance="84987d" url="/api/publish?async=true&amp;deployer=GITHUB_ONE_DEPLOY&amp;type=jar&amp;message=%7B%22type%22%3A%22deployment%22%2C%22sha%22%3A%22eddd481d7f2b416ee27f0426cb0078693f2c9d01%22%2C%22repoName%22%3A%22xshopai%2Fcart-service%22%2C%22actor%22%3A%22prasadhonrao%22%2C%22slotName%22%3A%22production%22%2C%22commitMessage%22%3A%22feat%3A%20Add%20complete%20App%20Service%20deployment%20workflow%5Cn%5Cn-%20Add%20deployment%20job%20with%20Azure%20OIDC%20authentication%5Cn-%20Implement%20correct%20infrastructure%20naming%20pattern%20(without%20ENV)%5Cn-%20Upload%20JAR%20artifacts%20from%20build%20job%5Cn-%20Deploy%20to%20Azure%20App%20Service%20with%20health%20checks%5Cn-%20Add%20workflow_dispatch%20inputs%20for%20manual%20deployment%5Cn-%20Add%20deployment%20summary%20with%20service%20URLs%20and%20metadata%22%7D" method="POST" type="request" pid="768,1,50" Host="app-cart-service-xshopai-development.scm.azurewebsites.net" User-Agent="GITHUBACTIONS_DeployWebAppToAzure_51e58695901c2349472593d47aa07e760428b1f45c8b4bb515e294c7b564ea09" Authorization="Bea..." Content-Type="application/octet-stream" Cookie="ARRAffinity=84987d31f74c131230167cfa6dc666c0e319b4d4a125faa6a379281f05ae2d9e;Path=/;HttpOnly;Secure;Domain=app-cart-service-xshopai-development.scm.azurewebsites.net; ARRAffinitySameSite=84987d31f74c131230167cfa6dc666c0e319b4d4a125faa6a379281f05ae2d9e;Path=/;HttpOnly;SameSite=None;Secure;Domain=app-cart-service-xshopai-development.scm.azurewebsites.net" Transfer-Encoding="chunked" X-ARR-LOG-ID="7c8ce768-3462-46c2-bb16-9ebb1d306064" CLIENT-IP="172.184.210.166:4136" X-SITE-DEPLOYMENT-ID="app-cart-service-xshopai-development" WAS-DEFAULT-HOSTNAME="app-cart-service-xshopai-development.scm.azurewebsites.net" X-Forwarded-Proto="https" X-AppService-Proto="https" X-Forwarded-TlsVersion="1.3" X-WAWS-Unencoded-URL="/api/publish?async=true&amp;deployer=GITHUB_ONE_DEPLOY&amp;type=jar&amp;message=%7B%22type%22%3A%22deployment%22%2C%22sha%22%3A%22eddd481d7f2b416ee27f0426cb0078693f2c9d01%22%2C%22repoName%22%3A%22xshopai%2Fcart-service%22%2C%22actor%22%3A%22prasadhonrao%22%2C%22slotName%22%3A%22production%22%2C%22commitMessage%22%3A%22feat%3A%20Add%20complete%20App%20Service%20deployment%20workflow%5Cn%5Cn-%20Add%20deployment%20job%20with%20Azure%20OIDC%20authentication%5Cn-%20Implement%20correct%20infrastructure%20naming%20pattern%20(without%20ENV)%5Cn-%20Upload%20JAR%20artifacts%20from%20build%20job%5Cn-%20Deploy%20to%20Azure%20App%20Service%20with%20health%20checks%5Cn-%20Add%20workflow_dispatch%20inputs%20for%20manual%20deployment%5Cn-%20Add%20deployment%20summary%20with%20service%20URLs%20and%20metadata%22%7D" X-Client-IP="172.184.210.166" X-Client-Port="4136" >
  <step title="OneDeploy" date="2026-02-23T00:37:43.927" >
    <step title="None repository commit" date="2026-02-23T00:37:43.934" >
      <step title="Commit id: ccf94cc1-fced-4bc1-a1be-7341d1caf61b" date="2026-02-23T00:37:43.937" Message="N/A" AuthorName="N/A" AuthorEmail="N/A" /><!-- duration: 2ms -->
    </step><!-- duration: 8ms -->
    <step title="Starting PushDeployAsync" date="2026-02-23T00:37:43.945" /><!-- duration: 2ms -->
    <step title="Writing artifact to /tmp/zipdeploy/app.jar" date="2026-02-23T00:37:43.957" >
      <step title="Writing multipart request body to /tmp/zipdeploy/app.jar" date="2026-02-23T00:37:43.960" /><!-- duration: 5ms -->
    </step><!-- duration: 54ms -->
    <step title="Start deployment in the background" date="2026-02-23T00:37:44.018" >
      <step title="Acquiring Deployment Lock" date="2026-02-23T00:37:44.026" /><!-- duration: 2ms -->
      <step title="Acquired Deployment Lock" date="2026-02-23T00:37:44.069" /><!-- duration: 5ms -->
    </step><!-- duration: 127ms -->
  </step><!-- duration: 223ms -->
  <step title="Outgoing response" date="2026-02-23T00:37:44.157" type="response" statusCode="202" statusText="Accepted" /><!-- duration: 2ms -->
</step><!-- duration: 296ms -->
