<step title="Incoming Request" date="2026-02-23T22:10:44.131" instance="84987d" url="/api/publish?async=true&amp;deployer=GITHUB_ONE_DEPLOY&amp;type=zip&amp;message=%7B%22type%22%3A%22deployment%22%2C%22sha%22%3A%22a9dab5f890a79e2f41020aae5bf94230571c8af1%22%2C%22repoName%22%3A%22xshopai%2Fcart-service%22%2C%22actor%22%3A%22prasadhonrao%22%2C%22slotName%22%3A%22production%22%2C%22commitMessage%22%3A%22fix%3A%20remove%20custom%20startup%20command%2C%20let%20Azure%20auto-detect%20Quarkus%20jar%22%7D" method="POST" type="request" pid="768,1,19" Host="app-cart-service-xshopai-development.scm.azurewebsites.net" User-Agent="GITHUBACTIONS_DeployWebAppToAzure_51e58695901c2349472593d47aa07e760428b1f45c8b4bb515e294c7b564ea09" Authorization="Bea..." Content-Type="application/octet-stream" Cookie="ARRAffinity=84987d31f74c131230167cfa6dc666c0e319b4d4a125faa6a379281f05ae2d9e;Path=/;HttpOnly;Secure;Domain=app-cart-service-xshopai-development.scm.azurewebsites.net; ARRAffinitySameSite=84987d31f74c131230167cfa6dc666c0e319b4d4a125faa6a379281f05ae2d9e;Path=/;HttpOnly;SameSite=None;Secure;Domain=app-cart-service-xshopai-development.scm.azurewebsites.net" Transfer-Encoding="chunked" X-ARR-LOG-ID="d2caa426-5bb7-4828-8489-1d3ecf80998d" CLIENT-IP="128.24.160.246:11264" X-SITE-DEPLOYMENT-ID="app-cart-service-xshopai-development" WAS-DEFAULT-HOSTNAME="app-cart-service-xshopai-development.scm.azurewebsites.net" X-Forwarded-Proto="https" X-AppService-Proto="https" X-Forwarded-TlsVersion="1.3" X-WAWS-Unencoded-URL="/api/publish?async=true&amp;deployer=GITHUB_ONE_DEPLOY&amp;type=zip&amp;message=%7B%22type%22%3A%22deployment%22%2C%22sha%22%3A%22a9dab5f890a79e2f41020aae5bf94230571c8af1%22%2C%22repoName%22%3A%22xshopai%2Fcart-service%22%2C%22actor%22%3A%22prasadhonrao%22%2C%22slotName%22%3A%22production%22%2C%22commitMessage%22%3A%22fix%3A%20remove%20custom%20startup%20command%2C%20let%20Azure%20auto-detect%20Quarkus%20jar%22%7D" X-Client-IP="128.24.160.246" X-Client-Port="11264" >
  <step title="OneDeploy" date="2026-02-23T22:10:44.158" >
    <step title="None repository commit" date="2026-02-23T22:10:44.166" >
      <step title="Commit id: ce9aaaff-6134-48d6-8675-d3392f1ffe15" date="2026-02-23T22:10:44.169" Message="N/A" AuthorName="N/A" AuthorEmail="N/A" /><!-- duration: 2ms -->
    </step><!-- duration: 8ms -->
    <step title="Starting PushDeployAsync" date="2026-02-23T22:10:44.176" /><!-- duration: 2ms -->
    <step title="Writing artifact to /tmp/zipdeploy/e12a9d36-5d4e-461b-8079-6bf6a4cdf1cf.zip" date="2026-02-23T22:10:44.188" >
      <step title="Writing multipart request body to /tmp/zipdeploy/e12a9d36-5d4e-461b-8079-6bf6a4cdf1cf.zip" date="2026-02-23T22:10:44.191" /><!-- duration: 3ms -->
    </step><!-- duration: 2430ms -->
    <step title="Start deployment in the background" date="2026-02-23T22:10:46.631" >
      <step title="Acquiring Deployment Lock" date="2026-02-23T22:10:46.639" /><!-- duration: 3ms -->
      <step title="Acquired Deployment Lock" date="2026-02-23T22:10:46.693" /><!-- duration: 3ms -->
    </step><!-- duration: 149ms -->
  </step><!-- duration: 2628ms -->
  <step title="Outgoing response" date="2026-02-23T22:10:46.792" type="response" statusCode="202" statusText="Accepted" /><!-- duration: 3ms -->
</step><!-- duration: 2667ms -->
