﻿<?xml version="1.0" encoding="utf-8"?>
<deployment>
  <id>f410ff0a-4cfa-4618-ae06-e1798e6a183d</id>
  <author>N/A</author>
  <deployer>OneDeploy</deployer>
  <authorEmail>N/A</authorEmail>
  <message>OneDeploy</message>
  <progress></progress>
  <status>Success</status>
  <statusText></statusText>
  <lastSuccessEndTime>2026-02-24T16:07:22.1834239Z</lastSuccessEndTime>
  <receivedTime>2026-02-24T16:07:08.1791827Z</receivedTime>
  <startTime>2026-02-24T16:07:09.5984554Z</startTime>
  <endTime>2026-02-24T16:07:22.1834239Z</endTime>
  <complete>True</complete>
  <is_temp>False</is_temp>
  <is_readonly>True</is_readonly>
  <containerId>49c68f54455f</containerId>
  <buildSummary />
</deployment>