﻿<?xml version="1.0" encoding="utf-8"?>
<deployment>
  <id>89025a79-628a-4ddb-9f80-14587d5a191b</id>
  <author>N/A</author>
  <deployer>OneDeploy</deployer>
  <authorEmail>N/A</authorEmail>
  <message>OneDeploy</message>
  <progress></progress>
  <status>Success</status>
  <statusText></statusText>
  <lastSuccessEndTime>2026-02-25T13:07:08.0319757Z</lastSuccessEndTime>
  <receivedTime>2026-02-25T13:06:54.2163792Z</receivedTime>
  <startTime>2026-02-25T13:06:55.6059452Z</startTime>
  <endTime>2026-02-25T13:07:08.0319757Z</endTime>
  <complete>True</complete>
  <is_temp>False</is_temp>
  <is_readonly>True</is_readonly>
  <containerId>c6fcd30867c0</containerId>
  <buildSummary />
</deployment>