﻿<?xml version="1.0" encoding="utf-8"?>
<deployment>
  <id>7a5714e1-81a1-46eb-aba2-ffa53b3ce9ee</id>
  <author>N/A</author>
  <deployer>OneDeploy</deployer>
  <authorEmail>N/A</authorEmail>
  <message>OneDeploy</message>
  <progress></progress>
  <status>Success</status>
  <statusText></statusText>
  <lastSuccessEndTime>2026-02-23T09:38:28.6560138Z</lastSuccessEndTime>
  <receivedTime>2026-02-23T09:38:25.1567108Z</receivedTime>
  <startTime>2026-02-23T09:38:26.5552655Z</startTime>
  <endTime>2026-02-23T09:38:28.6560138Z</endTime>
  <complete>True</complete>
  <is_temp>False</is_temp>
  <is_readonly>True</is_readonly>
  <containerId>f6b1b9fbac8c</containerId>
  <buildSummary />
</deployment>