﻿<?xml version="1.0" encoding="utf-8"?>
<deployment>
  <id>cb250ab2-e6e3-4c55-a480-f9b8ab2fae7d</id>
  <author>N/A</author>
  <deployer>OneDeploy</deployer>
  <authorEmail>N/A</authorEmail>
  <message>OneDeploy</message>
  <progress></progress>
  <status>Success</status>
  <statusText></statusText>
  <lastSuccessEndTime>2026-02-23T21:55:14.4321318Z</lastSuccessEndTime>
  <receivedTime>2026-02-23T21:55:08.0715919Z</receivedTime>
  <startTime>2026-02-23T21:55:09.4453401Z</startTime>
  <endTime>2026-02-23T21:55:14.4321318Z</endTime>
  <complete>True</complete>
  <is_temp>False</is_temp>
  <is_readonly>True</is_readonly>
  <containerId>5790e59a20e0</containerId>
  <buildSummary />
</deployment>