﻿<?xml version="1.0" encoding="utf-8"?>
<deployment>
  <id>ccf94cc1-fced-4bc1-a1be-7341d1caf61b</id>
  <author>N/A</author>
  <deployer>OneDeploy</deployer>
  <authorEmail>N/A</authorEmail>
  <message>OneDeploy</message>
  <progress></progress>
  <status>Success</status>
  <statusText></statusText>
  <lastSuccessEndTime>2026-02-23T00:37:50.8027172Z</lastSuccessEndTime>
  <receivedTime>2026-02-23T00:37:47.4442789Z</receivedTime>
  <startTime>2026-02-23T00:37:48.8023047Z</startTime>
  <endTime>2026-02-23T00:37:50.8027172Z</endTime>
  <complete>True</complete>
  <is_temp>False</is_temp>
  <is_readonly>True</is_readonly>
  <containerId>2a569a801a37</containerId>
  <buildSummary />
</deployment>