﻿<?xml version="1.0" encoding="utf-8"?>
<deployment>
  <id>ce9aaaff-6134-48d6-8675-d3392f1ffe15</id>
  <author>N/A</author>
  <deployer>OneDeploy</deployer>
  <authorEmail>N/A</authorEmail>
  <message>OneDeploy</message>
  <progress></progress>
  <status>Success</status>
  <statusText></statusText>
  <lastSuccessEndTime>2026-02-23T22:10:57.0162329Z</lastSuccessEndTime>
  <receivedTime>2026-02-23T22:10:50.3225343Z</receivedTime>
  <startTime>2026-02-23T22:10:51.6704312Z</startTime>
  <endTime>2026-02-23T22:10:57.0162329Z</endTime>
  <complete>True</complete>
  <is_temp>False</is_temp>
  <is_readonly>True</is_readonly>
  <containerId>e2d9d2cb543c</containerId>
  <buildSummary />
</deployment>