﻿<?xml version="1.0" encoding="utf-8"?>
<deployment>
  <id>5a658aa3-9667-44e6-a248-e4fe814202bb</id>
  <author>N/A</author>
  <deployer>OneDeploy</deployer>
  <authorEmail>N/A</authorEmail>
  <message>OneDeploy</message>
  <progress></progress>
  <status>Success</status>
  <statusText></statusText>
  <lastSuccessEndTime>2026-02-23T09:24:03.534565Z</lastSuccessEndTime>
  <receivedTime>2026-02-23T09:23:59.9275206Z</receivedTime>
  <startTime>2026-02-23T09:24:01.4143232Z</startTime>
  <endTime>2026-02-23T09:24:03.534565Z</endTime>
  <complete>True</complete>
  <is_temp>False</is_temp>
  <is_readonly>True</is_readonly>
  <containerId>f6b1b9fbac8c</containerId>
  <buildSummary />
</deployment>