<step title="BackgroundTrace" date="2026-02-24T16:20:30.395" instance="84987d" url="/api/publish" method="POST" >
  <step title="Creating temporary deployment - FetchDeploymentManager" date="2026-02-24T16:20:30.434" /><!-- duration: 1ms -->
  <step title="Creating temporary deployment" date="2026-02-24T16:20:30.437" /><!-- duration: 48ms -->
  <step title="Performing fetch based deployment" date="2026-02-24T16:20:30.507" >
    <step title="Cleaning up temp folders from previous zip deployments and extracting pushed zip file /tmp/zipdeploy/08984aeb-fb9b-43d7-beed-d1094e35af97.zip (87.13 MB) to /tmp/zipdeploy/extracted" date="2026-02-24T16:20:31.653" >
      <step title="ChmodRecursive Process exited with total time taken in ms: 324" date="2026-02-24T16:20:38.550" /><!-- duration: 3ms -->
    </step><!-- duration: 6902ms -->
    <step title="Deployment timer started" date="2026-02-24T16:20:40.560" >
      <step title="DeploymentManager.Deploy(id:1bfb2643-37b1-4feb-83d2-ffee6b3eab52)" date="2026-02-24T16:20:40.563" >
        <step title="Collecting changeset information" date="2026-02-24T16:20:40.569" /><!-- duration: 85ms -->
        <step title="Updating submodules" date="2026-02-24T16:20:40.656" /><!-- duration: 1131ms -->
        <step title="Determining deployment builder" date="2026-02-24T16:20:42.029" >
          <step title="Builder is OneDeployBuilder" date="2026-02-24T16:20:42.041" /><!-- duration: 2ms -->
        </step><!-- duration: 16ms -->
        <step title="PreDeployment: context.CleanOutputPath False" date="2026-02-24T16:20:42.112" >
          <step title="PreDeployment: context.OutputPath /home/site/wwwroot" date="2026-02-24T16:20:42.218" >
            <step title="Building" date="2026-02-24T16:20:42.370" >
              <step title="Executing external process" date="2026-02-24T16:20:43.125" type="process" path="starter.sh" arguments="/opt/Kudu/Scripts/absoluteTar.sh /tmp/zipdeploy/extracted/node_modules /tmp/zipdeploy/extracted/node_modules.tar.gz" /><!-- duration: 8381ms -->
              <step title="Executing external process" date="2026-02-24T16:20:51.738" type="process" path="starter.sh" arguments="/opt/Kudu/Scripts/parallel_rsync.sh /tmp/zipdeploy/extracted /home/site/wwwroot 8 /tmp/ False False node_modules " /><!-- duration: 1289ms -->
              <step title="Modified file to trigger a restart of the app container." date="2026-02-24T16:20:53.806" /><!-- duration: 1ms -->
              <step title="Skip function trigger and logicapp sync because function is not enabled." date="2026-02-24T16:20:53.810" /><!-- duration: 1ms -->
            </step><!-- duration: 12216ms -->
          </step><!-- duration: 12369ms -->
          <step title="Cleaning up temp files" date="2026-02-24T16:20:54.589" /><!-- duration: 2ms -->
          <step title="Cleaning up temp files" date="2026-02-24T16:20:54.592" /><!-- duration: 502ms -->
          <step title="Reloading status file with latest updates" date="2026-02-24T16:20:55.388" >
            <step title="WebHooksManager.PublishEventAsync: PostDeployment" date="2026-02-24T16:20:55.391" /><!-- duration: 33ms -->
          </step><!-- duration: 36ms -->
          <step title="Cleaning up temporary deployment - fetch deployment was successful" date="2026-02-24T16:20:55.427" /><!-- duration: 1ms -->
        </step><!-- duration: 13416ms -->
      </step><!-- duration: 14986ms -->
