<step title="BackgroundTrace" date="2026-02-25T13:06:43.063" instance="84987d" url="/api/publish" method="POST" >
  <step title="Cleanup Xml Logs" date="2026-02-25T13:06:43.081" /><!-- duration: 9ms -->
  <step title="Creating temporary deployment - FetchDeploymentManager" date="2026-02-25T13:06:43.135" /><!-- duration: 2ms -->
  <step title="Creating temporary deployment" date="2026-02-25T13:06:43.141" /><!-- duration: 45ms -->
  <step title="Performing fetch based deployment" date="2026-02-25T13:06:43.216" >
    <step title="Cleaning up temp folders from previous zip deployments and extracting pushed zip file /tmp/zipdeploy/824af304-5f45-4952-9b31-81caf2af0bda.zip (87.34 MB) to /tmp/zipdeploy/extracted" date="2026-02-25T13:06:44.421" >
      <step title="ChmodRecursive Process exited with total time taken in ms: 474" date="2026-02-25T13:06:52.158" /><!-- duration: 3ms -->
    </step><!-- duration: 7742ms -->
    <step title="Deployment timer started" date="2026-02-25T13:06:54.171" >
      <step title="DeploymentManager.Deploy(id:89025a79-628a-4ddb-9f80-14587d5a191b)" date="2026-02-25T13:06:54.175" >
        <step title="Collecting changeset information" date="2026-02-25T13:06:54.196" /><!-- duration: 90ms -->
        <step title="Updating submodules" date="2026-02-25T13:06:54.290" /><!-- duration: 1148ms -->
        <step title="Determining deployment builder" date="2026-02-25T13:06:55.695" >
          <step title="Builder is OneDeployBuilder" date="2026-02-25T13:06:55.706" /><!-- duration: 2ms -->
        </step><!-- duration: 16ms -->
        <step title="PreDeployment: context.CleanOutputPath False" date="2026-02-25T13:06:55.769" >
          <step title="PreDeployment: context.OutputPath /home/site/wwwroot" date="2026-02-25T13:06:55.911" >
            <step title="Building" date="2026-02-25T13:06:56.052" >
              <step title="Executing external process" date="2026-02-25T13:06:56.820" type="process" path="starter.sh" arguments="/opt/Kudu/Scripts/absoluteTar.sh /tmp/zipdeploy/extracted/node_modules /tmp/zipdeploy/extracted/node_modules.tar.gz" /><!-- duration: 8110ms -->
              <step title="Executing external process" date="2026-02-25T13:07:05.164" type="process" path="starter.sh" arguments="/opt/Kudu/Scripts/parallel_rsync.sh /tmp/zipdeploy/extracted /home/site/wwwroot 8 /tmp/ False False node_modules " /><!-- duration: 1620ms -->
              <step title="Modified file to trigger a restart of the app container." date="2026-02-25T13:07:07.621" /><!-- duration: 2ms -->
              <step title="Skip function trigger and logicapp sync because function is not enabled." date="2026-02-25T13:07:07.627" /><!-- duration: 5ms -->
            </step><!-- duration: 12415ms -->
          </step><!-- duration: 12559ms -->
          <step title="Cleaning up temp files" date="2026-02-25T13:07:08.472" /><!-- duration: 5ms -->
          <step title="Cleaning up temp files" date="2026-02-25T13:07:08.479" /><!-- duration: 504ms -->
          <step title="Reloading status file with latest updates" date="2026-02-25T13:07:09.003" >
            <step title="WebHooksManager.PublishEventAsync: PostDeployment" date="2026-02-25T13:07:09.051" /><!-- duration: 55ms -->
          </step><!-- duration: 105ms -->
          <step title="Cleaning up temporary deployment - fetch deployment was successful" date="2026-02-25T13:07:09.116" /><!-- duration: 2ms -->
        </step><!-- duration: 13452ms -->
      </step><!-- duration: 15059ms -->
