<step title="Incoming Request" date="2026-02-24T16:20:27.962" instance="84987d" url="/api/publish?async=true&amp;deployer=GITHUB_ONE_DEPLOY&amp;type=zip&amp;message=%7B%22type%22%3A%22deployment%22%2C%22sha%22%3A%225b4b7b8e10b8a1d74fb483fbdc64c82d12267060%22%2C%22repoName%22%3A%22xshopai%2Fcart-service%22%2C%22actor%22%3A%22prasadhonrao%22%2C%22slotName%22%3A%22production%22%2C%22commitMessage%22%3A%22feat%3A%20add%20home%20routes%20with%20info%20and%20version%20endpoints%22%7D" method="POST" type="request" pid="851,1,5" Host="app-cart-service-xshopai-development.scm.azurewebsites.net" User-Agent="GITHUBACTIONS_DeployWebAppToAzure_51e58695901c2349472593d47aa07e760428b1f45c8b4bb515e294c7b564ea09" Authorization="Bea..." Content-Type="application/octet-stream" Cookie="ARRAffinity=84987d31f74c131230167cfa6dc666c0e319b4d4a125faa6a379281f05ae2d9e;Path=/;HttpOnly;Secure;Domain=app-cart-service-xshopai-development.scm.azurewebsites.net; ARRAffinitySameSite=84987d31f74c131230167cfa6dc666c0e319b4d4a125faa6a379281f05ae2d9e;Path=/;HttpOnly;SameSite=None;Secure;Domain=app-cart-service-xshopai-development.scm.azurewebsites.net" Transfer-Encoding="chunked" X-ARR-LOG-ID="ab8db378-e44b-4081-8c75-dadefeeebaf4" CLIENT-IP="20.161.58.230:16384" X-SITE-DEPLOYMENT-ID="app-cart-service-xshopai-development" WAS-DEFAULT-HOSTNAME="app-cart-service-xshopai-development.scm.azurewebsites.net" X-Forwarded-Proto="https" X-AppService-Proto="https" X-Forwarded-TlsVersion="1.3" X-WAWS-Unencoded-URL="/api/publish?async=true&amp;deployer=GITHUB_ONE_DEPLOY&amp;type=zip&amp;message=%7B%22type%22%3A%22deployment%22%2C%22sha%22%3A%225b4b7b8e10b8a1d74fb483fbdc64c82d12267060%22%2C%22repoName%22%3A%22xshopai%2Fcart-service%22%2C%22actor%22%3A%22prasadhonrao%22%2C%22slotName%22%3A%22production%22%2C%22commitMessage%22%3A%22feat%3A%20add%20home%20routes%20with%20info%20and%20version%20endpoints%22%7D" X-Client-IP="20.161.58.230" X-Client-Port="16384" >
  <step title="OneDeploy" date="2026-02-24T16:20:27.993" >
    <step title="None repository commit" date="2026-02-24T16:20:27.998" >
      <step title="Commit id: 1bfb2643-37b1-4feb-83d2-ffee6b3eab52" date="2026-02-24T16:20:27.999" Message="N/A" AuthorName="N/A" AuthorEmail="N/A" /><!-- duration: 1ms -->
    </step><!-- duration: 4ms -->
    <step title="Starting PushDeployAsync" date="2026-02-24T16:20:28.003" /><!-- duration: 1ms -->
    <step title="Removing _del_node_modules symlink" date="2026-02-24T16:20:28.012" >
      <step title="Writing artifact to /tmp/zipdeploy/08984aeb-fb9b-43d7-beed-d1094e35af97.zip" date="2026-02-24T16:20:28.030" >
        <step title="Writing multipart request body to /tmp/zipdeploy/08984aeb-fb9b-43d7-beed-d1094e35af97.zip" date="2026-02-24T16:20:28.032" /><!-- duration: 1ms -->
      </step><!-- duration: 2355ms -->
      <step title="Start deployment in the background" date="2026-02-24T16:20:30.393" >
        <step title="Acquiring Deployment Lock" date="2026-02-24T16:20:30.398" /><!-- duration: 1ms -->
        <step title="Acquired Deployment Lock" date="2026-02-24T16:20:30.430" /><!-- duration: 2ms -->
      </step><!-- duration: 95ms -->
    </step><!-- duration: 2481ms -->
    <step title="Outgoing response" date="2026-02-24T16:20:30.500" type="response" statusCode="202" statusText="Accepted" /><!-- duration: 1ms -->
  </step><!-- duration: 2510ms -->
