<step title="Incoming Request" date="2026-02-24T15:56:04.933" instance="84987d" url="/api/publish?async=true&amp;deployer=GITHUB_ONE_DEPLOY&amp;type=zip&amp;message=%7B%22type%22%3A%22deployment%22%2C%22sha%22%3A%227fe5e832ff8271f31209f2aca2f2045dab284fe2%22%2C%22repoName%22%3A%22xshopai%2Fcart-service%22%2C%22actor%22%3A%22prasadhonrao%22%2C%22slotName%22%3A%22production%22%2C%22commitMessage%22%3A%22Refactor%20code%20structure%20for%20improved%20readability%20and%20maintainability%22%7D" method="POST" type="request" pid="851,1,16" Host="app-cart-service-xshopai-development.scm.azurewebsites.net" User-Agent="GITHUBACTIONS_DeployWebAppToAzure_51e58695901c2349472593d47aa07e760428b1f45c8b4bb515e294c7b564ea09" Authorization="Bea..." Content-Type="application/octet-stream" Cookie="ARRAffinity=84987d31f74c131230167cfa6dc666c0e319b4d4a125faa6a379281f05ae2d9e;Path=/;HttpOnly;Secure;Domain=app-cart-service-xshopai-development.scm.azurewebsites.net; ARRAffinitySameSite=84987d31f74c131230167cfa6dc666c0e319b4d4a125faa6a379281f05ae2d9e;Path=/;HttpOnly;SameSite=None;Secure;Domain=app-cart-service-xshopai-development.scm.azurewebsites.net" Transfer-Encoding="chunked" X-ARR-LOG-ID="91d8ea7f-5fb2-4fbb-95c2-04163b384c23" CLIENT-IP="64.236.140.181:36888" X-SITE-DEPLOYMENT-ID="app-cart-service-xshopai-development" WAS-DEFAULT-HOSTNAME="app-cart-service-xshopai-development.scm.azurewebsites.net" X-Forwarded-Proto="https" X-AppService-Proto="https" X-Forwarded-TlsVersion="1.3" X-WAWS-Unencoded-URL="/api/publish?async=true&amp;deployer=GITHUB_ONE_DEPLOY&amp;type=zip&amp;message=%7B%22type%22%3A%22deployment%22%2C%22sha%22%3A%227fe5e832ff8271f31209f2aca2f2045dab284fe2%22%2C%22repoName%22%3A%22xshopai%2Fcart-service%22%2C%22actor%22%3A%22prasadhonrao%22%2C%22slotName%22%3A%22production%22%2C%22commitMessage%22%3A%22Refactor%20code%20structure%20for%20improved%20readability%20and%20maintainability%22%7D" X-Client-IP="64.236.140.181" X-Client-Port="36888" >
  <step title="OneDeploy" date="2026-02-24T15:56:04.999" >
    <step title="None repository commit" date="2026-02-24T15:56:05.003" >
      <step title="Commit id: e6de595e-0ec8-435d-ad6b-901263cf4283" date="2026-02-24T15:56:05.005" Message="N/A" AuthorName="N/A" AuthorEmail="N/A" /><!-- duration: 1ms -->
    </step><!-- duration: 5ms -->
    <step title="Starting PushDeployAsync" date="2026-02-24T15:56:05.010" /><!-- duration: 1ms -->
    <step title="Writing artifact to /tmp/zipdeploy/f9477729-aac0-4d21-8b4b-fea49883affe.zip" date="2026-02-24T15:56:05.017" >
      <step title="Writing multipart request body to /tmp/zipdeploy/f9477729-aac0-4d21-8b4b-fea49883affe.zip" date="2026-02-24T15:56:05.020" /><!-- duration: 1ms -->
    </step><!-- duration: 3092ms -->
    <step title="Start deployment in the background" date="2026-02-24T15:56:08.257" >
      <step title="Acquiring Deployment Lock" date="2026-02-24T15:56:08.276" /><!-- duration: 2ms -->
      <step title="Acquired Deployment Lock" date="2026-02-24T15:56:08.320" /><!-- duration: 2ms -->
    </step><!-- duration: 128ms -->
  </step><!-- duration: 3391ms -->
  <step title="Outgoing response" date="2026-02-24T15:56:08.396" type="response" statusCode="202" statusText="Accepted" /><!-- duration: 2ms -->
</step><!-- duration: 3466ms -->
