<step title="Incoming Request" date="2026-02-25T13:25:25.252" instance="84987d" url="/api/publish?async=true&amp;deployer=GITHUB_ONE_DEPLOY&amp;type=zip&amp;message=%7B%22type%22%3A%22deployment%22%2C%22sha%22%3A%22a36e8bd30d3c3456d3a22bcdfb698c15b174ae39%22%2C%22repoName%22%3A%22xshopai%2Fcart-service%22%2C%22actor%22%3A%22prasadhonrao%22%2C%22slotName%22%3A%22production%22%2C%22commitMessage%22%3A%22fix%3A%20improve%20Redis%20connection%20resilience%20and%20reconnection%20handling%22%7D" method="POST" type="request" pid="851,1,25" Host="app-cart-service-xshopai-development.scm.azurewebsites.net" User-Agent="GITHUBACTIONS_DeployWebAppToAzure_51e58695901c2349472593d47aa07e760428b1f45c8b4bb515e294c7b564ea09" Authorization="Bea..." Content-Type="application/octet-stream" Cookie="ARRAffinity=84987d31f74c131230167cfa6dc666c0e319b4d4a125faa6a379281f05ae2d9e;Path=/;HttpOnly;Secure;Domain=app-cart-service-xshopai-development.scm.azurewebsites.net; ARRAffinitySameSite=84987d31f74c131230167cfa6dc666c0e319b4d4a125faa6a379281f05ae2d9e;Path=/;HttpOnly;SameSite=None;Secure;Domain=app-cart-service-xshopai-development.scm.azurewebsites.net" Transfer-Encoding="chunked" X-ARR-LOG-ID="08e1a529-c8a6-44bb-8b52-8657287f5f62" CLIENT-IP="40.116.109.132:50176" X-SITE-DEPLOYMENT-ID="app-cart-service-xshopai-development" WAS-DEFAULT-HOSTNAME="app-cart-service-xshopai-development.scm.azurewebsites.net" X-Forwarded-Proto="https" X-AppService-Proto="https" X-Forwarded-TlsVersion="1.3" X-WAWS-Unencoded-URL="/api/publish?async=true&amp;deployer=GITHUB_ONE_DEPLOY&amp;type=zip&amp;message=%7B%22type%22%3A%22deployment%22%2C%22sha%22%3A%22a36e8bd30d3c3456d3a22bcdfb698c15b174ae39%22%2C%22repoName%22%3A%22xshopai%2Fcart-service%22%2C%22actor%22%3A%22prasadhonrao%22%2C%22slotName%22%3A%22production%22%2C%22commitMessage%22%3A%22fix%3A%20improve%20Redis%20connection%20resilience%20and%20reconnection%20handling%22%7D" X-Client-IP="40.116.109.132" X-Client-Port="50176" >
  <step title="OneDeploy" date="2026-02-25T13:25:25.293" >
    <step title="None repository commit" date="2026-02-25T13:25:25.299" >
      <step title="Commit id: a5d415fc-f5a0-4dbd-abca-9a837ed1217f" date="2026-02-25T13:25:25.303" Message="N/A" AuthorName="N/A" AuthorEmail="N/A" /><!-- duration: 2ms -->
    </step><!-- duration: 7ms -->
    <step title="Starting PushDeployAsync" date="2026-02-25T13:25:25.309" /><!-- duration: 2ms -->
    <step title="Removing _del_node_modules symlink" date="2026-02-25T13:25:25.337" >
      <step title="Writing artifact to /tmp/zipdeploy/43694252-c811-4e22-8893-ab354e27c453.zip" date="2026-02-25T13:25:25.359" >
        <step title="Writing multipart request body to /tmp/zipdeploy/43694252-c811-4e22-8893-ab354e27c453.zip" date="2026-02-25T13:25:25.362" /><!-- duration: 2ms -->
      </step><!-- duration: 2967ms -->
      <step title="Start deployment in the background" date="2026-02-25T13:25:28.343" >
        <step title="Acquiring Deployment Lock" date="2026-02-25T13:25:28.359" /><!-- duration: 3ms -->
        <step title="Acquired Deployment Lock" date="2026-02-25T13:25:28.399" /><!-- duration: 2ms -->
      </step><!-- duration: 116ms -->
    </step><!-- duration: 3128ms -->
    <step title="Outgoing response" date="2026-02-25T13:25:28.471" type="response" statusCode="202" statusText="Accepted" /><!-- duration: 3ms -->
  </step><!-- duration: 3184ms -->
