<step title="Incoming Request" date="2026-02-25T13:06:38.508" instance="84987d" url="/api/publish?async=true&amp;deployer=GITHUB_ONE_DEPLOY&amp;type=zip&amp;message=%7B%22type%22%3A%22deployment%22%2C%22sha%22%3A%22ce1f3f9cd49d8a581f13f4f4ce8f9812a44de2b6%22%2C%22repoName%22%3A%22xshopai%2Fcart-service%22%2C%22actor%22%3A%22prasadhonrao%22%2C%22slotName%22%3A%22production%22%2C%22commitMessage%22%3A%22feat%3A%20add%20Redis%20storage%20backend%20for%20App%20Service%20deployment%5Cn%5Cn-%20Add%20ioredis%20dependency%20for%20direct%20Redis%20connection%5Cn-%20Create%20redis.service.ts%20for%20direct%20Redis%20state%20operations%5Cn-%20Create%20storage.factory.ts%20to%20abstract%20storage%20backend%5Cn-%20Update%20config.ts%20with%20serviceInvocation.mode%20and%20redis%20settings%5Cn-%20Update%20cart.service.ts%20to%20use%20storage%20abstraction%20layer%5Cn-%20Add%20checkHealth%20method%20to%20dapr.service.ts%5Cn-%20Support%20SERVICE_INVOCATION_MODE%3Dhttp%20for%20App%20Service%20(no%20Dapr%20sidecar)%5Cn-%20Support%20SERVICE_INVOCATION_MODE%3Ddapr%20for%20Container%20Apps%2FK8s%22%7D" method="POST" type="request" pid="851,1,26" Host="app-cart-service-xshopai-development.scm.azurewebsites.net" User-Agent="GITHUBACTIONS_DeployWebAppToAzure_51e58695901c2349472593d47aa07e760428b1f45c8b4bb515e294c7b564ea09" Authorization="Bea..." Content-Type="application/octet-stream" Cookie="ARRAffinity=84987d31f74c131230167cfa6dc666c0e319b4d4a125faa6a379281f05ae2d9e;Path=/;HttpOnly;Secure;Domain=app-cart-service-xshopai-development.scm.azurewebsites.net; ARRAffinitySameSite=84987d31f74c131230167cfa6dc666c0e319b4d4a125faa6a379281f05ae2d9e;Path=/;HttpOnly;SameSite=None;Secure;Domain=app-cart-service-xshopai-development.scm.azurewebsites.net" Transfer-Encoding="chunked" X-ARR-LOG-ID="5ae6a6c4-0e8f-4d30-bd78-20290190826a" CLIENT-IP="57.154.172.167:41984" X-SITE-DEPLOYMENT-ID="app-cart-service-xshopai-development" WAS-DEFAULT-HOSTNAME="app-cart-service-xshopai-development.scm.azurewebsites.net" X-Forwarded-Proto="https" X-AppService-Proto="https" X-Forwarded-TlsVersion="1.3" X-WAWS-Unencoded-URL="/api/publish?async=true&amp;deployer=GITHUB_ONE_DEPLOY&amp;type=zip&amp;message=%7B%22type%22%3A%22deployment%22%2C%22sha%22%3A%22ce1f3f9cd49d8a581f13f4f4ce8f9812a44de2b6%22%2C%22repoName%22%3A%22xshopai%2Fcart-service%22%2C%22actor%22%3A%22prasadhonrao%22%2C%22slotName%22%3A%22production%22%2C%22commitMessage%22%3A%22feat%3A%20add%20Redis%20storage%20backend%20for%20App%20Service%20deployment%5Cn%5Cn-%20Add%20ioredis%20dependency%20for%20direct%20Redis%20connection%5Cn-%20Create%20redis.service.ts%20for%20direct%20Redis%20state%20operations%5Cn-%20Create%20storage.factory.ts%20to%20abstract%20storage%20backend%5Cn-%20Update%20config.ts%20with%20serviceInvocation.mode%20and%20redis%20settings%5Cn-%20Update%20cart.service.ts%20to%20use%20storage%20abstraction%20layer%5Cn-%20Add%20checkHealth%20method%20to%20dapr.service.ts%5Cn-%20Support%20SERVICE_INVOCATION_MODE%3Dhttp%20for%20App%20Service%20(no%20Dapr%20sidecar)%5Cn-%20Support%20SERVICE_INVOCATION_MODE%3Ddapr%20for%20Container%20Apps%2FK8s%22%7D" X-Client-IP="57.154.172.167" X-Client-Port="41984" >
  <step title="OneDeploy" date="2026-02-25T13:06:38.544" >
    <step title="None repository commit" date="2026-02-25T13:06:38.552" >
      <step title="Commit id: 89025a79-628a-4ddb-9f80-14587d5a191b" date="2026-02-25T13:06:38.555" Message="N/A" AuthorName="N/A" AuthorEmail="N/A" /><!-- duration: 2ms -->
    </step><!-- duration: 8ms -->
    <step title="Starting PushDeployAsync" date="2026-02-25T13:06:38.562" /><!-- duration: 2ms -->
    <step title="Removing _del_node_modules symlink" date="2026-02-25T13:06:38.646" >
      <step title="Writing artifact to /tmp/zipdeploy/824af304-5f45-4952-9b31-81caf2af0bda.zip" date="2026-02-25T13:06:38.675" >
        <step title="Writing multipart request body to /tmp/zipdeploy/824af304-5f45-4952-9b31-81caf2af0bda.zip" date="2026-02-25T13:06:38.679" /><!-- duration: 2ms -->
      </step><!-- duration: 4300ms -->
      <step title="Start deployment in the background" date="2026-02-25T13:06:43.058" >
        <step title="Acquiring Deployment Lock" date="2026-02-25T13:06:43.097" /><!-- duration: 3ms -->
        <step title="Acquired Deployment Lock" date="2026-02-25T13:06:43.129" /><!-- duration: 3ms -->
      </step><!-- duration: 131ms -->
    </step><!-- duration: 4549ms -->
    <step title="Outgoing response" date="2026-02-25T13:06:43.202" type="response" statusCode="202" statusText="Accepted" /><!-- duration: 3ms -->
  </step><!-- duration: 4663ms -->
